epoca,mse_treino,mse_validacao,lr
1,0.27700295610749265,0.06906267255544662,0.0005
2,0.022316484602643828,0.020291369408369064,0.0005
3,0.01444982530365827,0.013827649876475334,0.0005
4,0.012657609950862665,0.013682250864803791,0.0005
5,0.011394867902188516,0.011746983043849468,0.0005
6,0.010386030113486608,0.009153137914836407,0.0005
7,0.009143101991036011,0.00786603894084692,0.0005
8,0.007927225853732326,0.006871186662465334,0.0005
9,0.0067462787072515695,0.005654781125485897,0.0005
10,0.005714969884885871,0.005091433878988028,0.0005
11,0.005294813958399221,0.0046331072226166725,0.0005
12,0.004564078997597417,0.00437245424836874,0.0005
13,0.004156878491685581,0.0036603689659386873,0.0005
14,0.003822259505899801,0.0033446596935391426,0.0005
15,0.0037561332758651584,0.003461015410721302,0.0005
16,0.0034333821666159914,0.003276294795796275,0.0005
17,0.003307162348689849,0.0028992225416004658,0.0005
18,0.0032470296512221047,0.0028828808572143316,0.0005
19,0.003028961427964153,0.0026098175439983606,0.0005
20,0.0027991637116970332,0.00243167276494205,0.0005
21,0.0026843787998906982,0.002509534824639559,0.0005
22,0.002638990529141948,0.002552018966525793,0.0005
23,0.002536319966843822,0.002194955013692379,0.0005
24,0.002408355806187624,0.0024107228964567184,0.0005
25,0.002307141452599928,0.0021058148704469204,0.0005
26,0.0021974019388656283,0.0018319574883207679,0.0005
27,0.002247961744700642,0.0019919888582080603,0.0005
28,0.002049952370875891,0.002141206758096814,0.0005
29,0.0019671782385823604,0.0015814014477655292,0.0005
30,0.0019316730925417406,0.0017475108616054058,0.0005
31,0.0018488285605650868,0.0016064035007730126,0.0005
32,0.001722848636470868,0.001678891247138381,0.0005
33,0.001794371739668923,0.002156258560717106,0.0005
34,0.0016968555796257727,0.0014867926947772503,0.00025
35,0.001593084870292918,0.001409025746397674,0.00025
36,0.0015882003251775387,0.0013755515683442354,0.00025
37,0.001562698635627408,0.0014242929173633456,0.00025
38,0.0015449966778301137,0.0013366182101890445,0.00025
39,0.0015520948745372084,0.0013250436168164015,0.00025
40,0.0015821354951943336,0.0014480254612863064,0.00025
41,0.001543696656711559,0.0014282040065154433,0.00025
42,0.0015256270208660401,0.0013000990729779005,0.00025
43,0.0015073424941074959,0.0013694236986339092,0.00025
44,0.0015089030810944025,0.0013701991410925984,0.00025
45,0.0015006115261768224,0.0013269217452034354,0.00025
46,0.0015009773904544044,0.0012856537941843271,0.00025
47,0.0014741202372627149,0.0013661938719451427,0.00025
48,0.0014708748760934754,0.0013941822107881308,0.00025
49,0.0014713320231195353,0.0013238599058240652,0.00025
50,0.0015091564935617436,0.001263720216229558,0.00025
51,0.0014558049160376,0.0013604103587567806,0.00025
52,0.0015119976487466414,0.0016115028411149979,0.00025
53,0.0015021613553384274,0.0013626129366457462,0.00025
54,0.0014484076700923957,0.0013237352250143886,0.00025
55,0.001431474549305252,0.0013149743899703026,0.000125
56,0.0014303082440276968,0.0012761509278789163,0.000125
57,0.0014308633094556502,0.0012688665883615613,0.000125
58,0.0014274983506977889,0.0012557711452245712,0.000125
59,0.0014265092807295818,0.001311402185820043,0.000125
60,0.0014342326680384311,0.0012782737612724304,0.000125
