horizonte_h,camadas,neuronios,melhor_epoca,mse_validacao,rmse_validacao_m
1,1,64,60,0.001509033259935677,0.0202843292398647
1,1,128,58,0.0014499948592856526,0.019883575209401805
1,2,64,53,0.0012944027548655868,0.018786503570151082
1,2,128,58,0.0012557711452245712,0.018504037289264152
2,1,64,59,0.005081954412162304,0.037218095460889195
2,1,128,56,0.00399779761210084,0.033010276734393044
2,2,64,56,0.004004376474767923,0.03303742678384392
2,2,128,56,0.0035916848573833704,0.03128872562332668
3,1,64,60,0.00787883810698986,0.04633386071239393
3,1,128,60,0.007451204117387533,0.045058904706790866
3,2,64,60,0.0069833542220294476,0.0436213835629056
3,2,128,49,0.006289987824857235,0.04139923373709676
4,1,64,45,0.012780128978192806,0.059001834784053804
4,1,128,36,0.011908086016774178,0.05695329831519234
4,2,64,49,0.011008723638951778,0.05476037120739243
4,2,128,49,0.009804592467844486,0.051678829925154914
5,1,64,49,0.016100868582725525,0.0662147493032281
5,1,128,31,0.016234511509537697,0.06648898438342998
5,2,64,31,0.01571650430560112,0.06541962712017275
5,2,128,49,0.013551329262554646,0.06074646850456065
