horizonte_h,bloco,n,RMSE_m,MAE_m,NSE,KGE,PBIAS_pct
1,treino,35050,0.019680317491292953,0.006290278863161802,0.9985795021057129,0.9979924631263496,-0.13456211984157562
1,validacao,8763,0.018504036590456963,0.006249317899346352,0.9990944862365723,0.9967747796336391,-0.19181638956069946
2,treino,35049,0.03229018673300743,0.011700781062245369,0.996174693107605,0.9958160235842051,0.026146238669753075
2,validacao,8762,0.03128872439265251,0.011036689393222332,0.9974112510681152,0.9924476148344578,-0.11736609041690826
3,treino,35048,0.04185838997364044,0.016993410885334015,0.9935697317123413,0.995639353509893,0.1938648223876953
3,validacao,8761,0.04139923304319382,0.016158979386091232,0.9954684376716614,0.9939173191568834,-0.04662023484706879
4,treino,35047,0.05066545680165291,0.02175878919661045,0.9905761480331421,0.994527634605771,0.2531202733516693
4,validacao,8760,0.05167883262038231,0.020642824470996857,0.9929394125938416,0.9890629106706196,-0.0843556821346283
5,treino,35046,0.05836057662963867,0.0250431839376688,0.9874922633171082,0.9930177615770143,0.2549622654914856
5,validacao,8759,0.06074647232890129,0.024127917364239693,0.9902454018592834,0.9860094119828239,-0.11987458914518356
